{ "DocID": "wsj_1000", "Type": "Implicit", "Sense": [ "Expansion.Restatement" ], "Arg1": { "CharacterSpanList": [ [ 384, 576 ] ], "RawText": "The Kemper Corp. unit and other critics complain that program trading causes wild swings in stock prices, such as on Tuesday and on Oct. 13 and 16, and has increased chances for market crashes", "TokenList": [ [ 384, 387, 67, 2, 0 ], [ 388, 394, 68, 2, 1 ], [ 395, 400, 69, 2, 2 ], [ 401, 405, 70, 2, 3 ], [ 406, 409, 71, 2, 4 ], [ 410, 415, 72, 2, 5 ], [ 416, 423, 73, 2, 6 ], [ 424, 432, 74, 2, 7 ], [ 433, 437, 75, 2, 8 ], [ 438, 445, 76, 2, 9 ], [ 446, 453, 77, 2, 10 ], [ 454, 460, 78, 2, 11 ], [ 461, 465, 79, 2, 12 ], [ 466, 472, 80, 2, 13 ], [ 473, 475, 81, 2, 14 ], [ 476, 481, 82, 2, 15 ], [ 482, 488, 83, 2, 16 ], [ 488, 489, 84, 2, 17 ], [ 490, 494, 85, 2, 18 ], [ 495, 497, 86, 2, 19 ], [ 498, 500, 87, 2, 20 ], [ 501, 508, 88, 2, 21 ], [ 509, 512, 89, 2, 22 ], [ 513, 515, 90, 2, 23 ], [ 516, 520, 91, 2, 24 ], [ 521, 523, 92, 2, 25 ], [ 524, 527, 93, 2, 26 ], [ 528, 530, 94, 2, 27 ], [ 530, 531, 95, 2, 28 ], [ 532, 535, 96, 2, 29 ], [ 536, 539, 97, 2, 30 ], [ 540, 549, 98, 2, 31 ], [ 550, 557, 99, 2, 32 ], [ 558, 561, 100, 2, 33 ], [ 562, 568, 101, 2, 34 ], [ 569, 576, 102, 2, 35 ] ] }, "Arg2": { "CharacterSpanList": [ [ 578, 779 ] ], "RawText": "Over the past nine months, several firms, including discount broker Charles Schwab & Co. and Sears, Roebuck & Co. 's Dean Witter Reynolds Inc. unit, have attacked program trading as a major market evil", "TokenList": [ [ 578, 582, 104, 3, 0 ], [ 583, 586, 105, 3, 1 ], [ 587, 591, 106, 3, 2 ], [ 592, 596, 107, 3, 3 ], [ 597, 603, 108, 3, 4 ], [ 603, 604, 109, 3, 5 ], [ 605, 612, 110, 3, 6 ], [ 613, 618, 111, 3, 7 ], [ 618, 619, 112, 3, 8 ], [ 620, 629, 113, 3, 9 ], [ 630, 638, 114, 3, 10 ], [ 639, 645, 115, 3, 11 ], [ 646, 653, 116, 3, 12 ], [ 654, 660, 117, 3, 13 ], [ 661, 662, 118, 3, 14 ], [ 663, 666, 119, 3, 15 ], [ 667, 670, 120, 3, 16 ], [ 671, 676, 121, 3, 17 ], [ 676, 677, 122, 3, 18 ], [ 678, 685, 123, 3, 19 ], [ 686, 687, 124, 3, 20 ], [ 688, 691, 125, 3, 21 ], [ 692, 694, 126, 3, 22 ], [ 695, 699, 127, 3, 23 ], [ 700, 706, 128, 3, 24 ], [ 707, 715, 129, 3, 25 ], [ 716, 720, 130, 3, 26 ], [ 721, 725, 131, 3, 27 ], [ 725, 726, 132, 3, 28 ], [ 727, 731, 133, 3, 29 ], [ 732, 740, 134, 3, 30 ], [ 741, 748, 135, 3, 31 ], [ 749, 756, 136, 3, 32 ], [ 757, 759, 137, 3, 33 ], [ 760, 761, 138, 3, 34 ], [ 762, 767, 139, 3, 35 ], [ 768, 774, 140, 3, 36 ], [ 775, 779, 141, 3, 37 ] ] }, "Connective": { "CharacterSpanList": [], "RawText": "", "TokenList": [] }}
{ "DocID": "wsj_1000", "Type": "EntRel", "Sense": [ "EntRel" ], "Arg1": { "CharacterSpanList": [ [ 879, 957 ] ], "RawText": "But most of them, led by Morgan Stanley & Co., moved back in earlier this year", "TokenList": [ [ 879, 882, 160, 5, 0 ], [ 883, 887, 161, 5, 1 ], [ 888, 890, 162, 5, 2 ], [ 891, 895, 163, 5, 3 ], [ 895, 896, 164, 5, 4 ], [ 897, 900, 165, 5, 5 ], [ 901, 903, 166, 5, 6 ], [ 904, 910, 167, 5, 7 ], [ 911, 918, 168, 5, 8 ], [ 919, 920, 169, 5, 9 ], [ 921, 924, 170, 5, 10 ], [ 924, 925, 171, 5, 11 ], [ 926, 931, 172, 5, 12 ], [ 932, 936, 173, 5, 13 ], [ 937, 939, 174, 5, 14 ], [ 940, 947, 175, 5, 15 ], [ 948, 952, 176, 5, 16 ], [ 953, 957, 177, 5, 17 ] ] }, "Arg2": { "CharacterSpanList": [ [ 959, 1146 ] ], "RawText": "The most volatile form of program trading is index arbitrage -- the rapid-fire, computer-guided buying and selling of stocks offset with opposite trades in stock-index futures and options", "TokenList": [ [ 959, 962, 179, 6, 0 ], [ 963, 967, 180, 6, 1 ], [ 968, 976, 181, 6, 2 ], [ 977, 981, 182, 6, 3 ], [ 982, 984, 183, 6, 4 ], [ 985, 992, 184, 6, 5 ], [ 993, 1000, 185, 6, 6 ], [ 1001, 1003, 186, 6, 7 ], [ 1004, 1009, 187, 6, 8 ], [ 1010, 1019, 188, 6, 9 ], [ 1020, 1022, 189, 6, 10 ], [ 1023, 1026, 190, 6, 11 ], [ 1027, 1037, 191, 6, 12 ], [ 1037, 1038, 192, 6, 13 ], [ 1039, 1054, 193, 6, 14 ], [ 1055, 1061, 194, 6, 15 ], [ 1062, 1065, 195, 6, 16 ], [ 1066, 1073, 196, 6, 17 ], [ 1074, 1076, 197, 6, 18 ], [ 1077, 1083, 198, 6, 19 ], [ 1084, 1090, 199, 6, 20 ], [ 1091, 1095, 200, 6, 21 ], [ 1096, 1104, 201, 6, 22 ], [ 1105, 1111, 202, 6, 23 ], [ 1112, 1114, 203, 6, 24 ], [ 1115, 1126, 204, 6, 25 ], [ 1127, 1134, 205, 6, 26 ], [ 1135, 1138, 206, 6, 27 ], [ 1139, 1146, 207, 6, 28 ] ] }, "Connective": { "CharacterSpanList": [], "RawText": "", "TokenList": [] }}
{ "DocID": "wsj_1000", "Type": "EntRel", "Sense": [ "EntRel" ], "Arg1": { "CharacterSpanList": [ [ 959, 1146 ] ], "RawText": "The most volatile form of program trading is index arbitrage -- the rapid-fire, computer-guided buying and selling of stocks offset with opposite trades in stock-index futures and options", "TokenList": [ [ 959, 962, 179, 6, 0 ], [ 963, 967, 180, 6, 1 ], [ 968, 976, 181, 6, 2 ], [ 977, 981, 182, 6, 3 ], [ 982, 984, 183, 6, 4 ], [ 985, 992, 184, 6, 5 ], [ 993, 1000, 185, 6, 6 ], [ 1001, 1003, 186, 6, 7 ], [ 1004, 1009, 187, 6, 8 ], [ 1010, 1019, 188, 6, 9 ], [ 1020, 1022, 189, 6, 10 ], [ 1023, 1026, 190, 6, 11 ], [ 1027, 1037, 191, 6, 12 ], [ 1037, 1038, 192, 6, 13 ], [ 1039, 1054, 193, 6, 14 ], [ 1055, 1061, 194, 6, 15 ], [ 1062, 1065, 195, 6, 16 ], [ 1066, 1073, 196, 6, 17 ], [ 1074, 1076, 197, 6, 18 ], [ 1077, 1083, 198, 6, 19 ], [ 1084, 1090, 199, 6, 20 ], [ 1091, 1095, 200, 6, 21 ], [ 1096, 1104, 201, 6, 22 ], [ 1105, 1111, 202, 6, 23 ], [ 1112, 1114, 203, 6, 24 ], [ 1115, 1126, 204, 6, 25 ], [ 1127, 1134, 205, 6, 26 ], [ 1135, 1138, 206, 6, 27 ], [ 1139, 1146, 207, 6, 28 ] ] }, "Arg2": { "CharacterSpanList": [ [ 1148, 1272 ] ], "RawText": "The object is to capture profits from fleeting price discrepancies between the futures and options and the stocks themselves", "TokenList": [ [ 1148, 1151, 209, 7, 0 ], [ 1152, 1158, 210, 7, 1 ], [ 1159, 1161, 211, 7, 2 ], [ 1162, 1164, 212, 7, 3 ], [ 1165, 1172, 213, 7, 4 ], [ 1173, 1180, 214, 7, 5 ], [ 1181, 1185, 215, 7, 6 ], [ 1186, 1194, 216, 7, 7 ], [ 1195, 1200, 217, 7, 8 ], [ 1201, 1214, 218, 7, 9 ], [ 1215, 1222, 219, 7, 10 ], [ 1223, 1226, 220, 7, 11 ], [ 1227, 1234, 221, 7, 12 ], [ 1235, 1238, 222, 7, 13 ], [ 1239, 1246, 223, 7, 14 ], [ 1247, 1250, 224, 7, 15 ], [ 1251, 1254, 225, 7, 16 ], [ 1255, 1261, 226, 7, 17 ], [ 1262, 1272, 227, 7, 18 ] ] }, "Connective": { "CharacterSpanList": [], "RawText": "", "TokenList": [] }}
{ "DocID": "wsj_1000", "Type": "Implicit", "Sense": [ "Expansion.Conjunction" ], "Arg1": { "CharacterSpanList": [ [ 1276, 1383 ] ], "RawText": "Index arbitrage recently has accounted for about half of all program trading on the New York Stock Exchange", "TokenList": [ [ 1276, 1281, 229, 8, 0 ], [ 1282, 1291, 230, 8, 1 ], [ 1292, 1300, 231, 8, 2 ], [ 1301, 1304, 232, 8, 3 ], [ 1305, 1314, 233, 8, 4 ], [ 1315, 1318, 234, 8, 5 ], [ 1319, 1324, 235, 8, 6 ], [ 1325, 1329, 236, 8, 7 ], [ 1330, 1332, 237, 8, 8 ], [ 1333, 1336, 238, 8, 9 ], [ 1337, 1344, 239, 8, 10 ], [ 1345, 1352, 240, 8, 11 ], [ 1353, 1355, 241, 8, 12 ], [ 1356, 1359, 242, 8, 13 ], [ 1360, 1363, 243, 8, 14 ], [ 1364, 1368, 244, 8, 15 ], [ 1369, 1374, 245, 8, 16 ], [ 1375, 1383, 246, 8, 17 ] ] }, "Arg2": { "CharacterSpanList": [ [ 1385, 1511 ] ], "RawText": "Last month, program trading accounted for 20.9 million shares a day, or a record 13.8% of the Big Board's average daily volume", "TokenList": [ [ 1385, 1389, 248, 9, 0 ], [ 1390, 1395, 249, 9, 1 ], [ 1395, 1396, 250, 9, 2 ], [ 1397, 1404, 251, 9, 3 ], [ 1405, 1412, 252, 9, 4 ], [ 1413, 1422, 253, 9, 5 ], [ 1423, 1426, 254, 9, 6 ], [ 1427, 1431, 255, 9, 7 ], [ 1432, 1439, 256, 9, 8 ], [ 1440, 1446, 257, 9, 9 ], [ 1447, 1448, 258, 9, 10 ], [ 1449, 1452, 259, 9, 11 ], [ 1452, 1453, 260, 9, 12 ], [ 1454, 1456, 261, 9, 13 ], [ 1457, 1458, 262, 9, 14 ], [ 1459, 1465, 263, 9, 15 ], [ 1466, 1470, 264, 9, 16 ], [ 1470, 1471, 265, 9, 17 ], [ 1472, 1474, 266, 9, 18 ], [ 1475, 1478, 267, 9, 19 ], [ 1479, 1482, 268, 9, 20 ], [ 1483, 1488, 269, 9, 21 ], [ 1488, 1490, 270, 9, 22 ], [ 1491, 1498, 271, 9, 23 ], [ 1499, 1504, 272, 9, 24 ], [ 1505, 1511, 273, 9, 25 ] ] }, "Connective": { "CharacterSpanList": [], "RawText": "", "TokenList": [] }}
{ "DocID": "wsj_1000", "Type": "Implicit", "Sense": [ "Comparison.Contrast" ], "Arg1": { "CharacterSpanList": [ [ 1515, 1750 ] ], "RawText": "On Tuesday afternoon, Kemper told Bear, Stearns & Co., General Electric Co. 's Kidder, Peabody & Co. unit, Morgan Stanley and Oppenheimer & Co. that it will no longer do business with them because of their commitment to index arbitrage", "TokenList": [ [ 1515, 1517, 275, 10, 0 ], [ 1518, 1525, 276, 10, 1 ], [ 1526, 1535, 277, 10, 2 ], [ 1535, 1536, 278, 10, 3 ], [ 1537, 1543, 279, 10, 4 ], [ 1544, 1548, 280, 10, 5 ], [ 1549, 1553, 281, 10, 6 ], [ 1553, 1554, 282, 10, 7 ], [ 1555, 1562, 283, 10, 8 ], [ 1563, 1564, 284, 10, 9 ], [ 1565, 1568, 285, 10, 10 ], [ 1568, 1569, 286, 10, 11 ], [ 1570, 1577, 287, 10, 12 ], [ 1578, 1586, 288, 10, 13 ], [ 1587, 1590, 289, 10, 14 ], [ 1591, 1593, 290, 10, 15 ], [ 1594, 1600, 291, 10, 16 ], [ 1600, 1601, 292, 10, 17 ], [ 1602, 1609, 293, 10, 18 ], [ 1610, 1611, 294, 10, 19 ], [ 1612, 1615, 295, 10, 20 ], [ 1616, 1620, 296, 10, 21 ], [ 1620, 1621, 297, 10, 22 ], [ 1622, 1628, 298, 10, 23 ], [ 1629, 1636, 299, 10, 24 ], [ 1637, 1640, 300, 10, 25 ], [ 1641, 1652, 301, 10, 26 ], [ 1653, 1654, 302, 10, 27 ], [ 1655, 1658, 303, 10, 28 ], [ 1659, 1663, 304, 10, 29 ], [ 1664, 1666, 305, 10, 30 ], [ 1667, 1671, 306, 10, 31 ], [ 1672, 1674, 307, 10, 32 ], [ 1675, 1681, 308, 10, 33 ], [ 1682, 1684, 309, 10, 34 ], [ 1685, 1693, 310, 10, 35 ], [ 1694, 1698, 311, 10, 36 ], [ 1699, 1703, 312, 10, 37 ], [ 1704, 1711, 313, 10, 38 ], [ 1712, 1714, 314, 10, 39 ], [ 1715, 1720, 315, 10, 40 ], [ 1721, 1731, 316, 10, 41 ], [ 1732, 1734, 317, 10, 42 ], [ 1735, 1740, 318, 10, 43 ], [ 1741, 1750, 319, 10, 44 ] ] }, "Arg2": { "CharacterSpanList": [ [ 1804, 1851 ] ], "RawText": "Kemper officials declined to identify the firms", "TokenList": [ [ 1804, 1810, 329, 11, 0 ], [ 1811, 1820, 330, 11, 1 ], [ 1821, 1829, 331, 11, 2 ], [ 1830, 1832, 332, 11, 3 ], [ 1833, 1841, 333, 11, 4 ], [ 1842, 1845, 334, 11, 5 ], [ 1846, 1851, 335, 11, 6 ] ] }, "Connective": { "CharacterSpanList": [], "RawText": "", "TokenList": [] }}
{ "DocID": "wsj_1000", "Type": "Implicit", "Sense": [ "Contingency.Cause.Reason" ], "Arg1": { "CharacterSpanList": [ [ 2018, 2073 ] ], "RawText": "We've been opposed to\" index arbitrage \"for a long time", "TokenList": [ [ 2018, 2020, 366, 12, 1 ], [ 2020, 2023, 367, 12, 2 ], [ 2024, 2028, 368, 12, 3 ], [ 2029, 2036, 369, 12, 4 ], [ 2037, 2039, 370, 12, 5 ], [ 2039, 2040, 371, 12, 6 ], [ 2041, 2046, 372, 12, 7 ], [ 2047, 2056, 373, 12, 8 ], [ 2057, 2058, 374, 12, 9 ], [ 2058, 2061, 375, 12, 10 ], [ 2062, 2063, 376, 12, 11 ], [ 2064, 2068, 377, 12, 12 ], [ 2069, 2073, 378, 12, 13 ] ] }, "Arg2": { "CharacterSpanList": [ [ 2197, 2265 ] ], "RawText": "Index arbitrage doesn't work, and it scares natural buyers\" of stock", "TokenList": [ [ 2197, 2202, 406, 13, 1 ], [ 2203, 2212, 407, 13, 2 ], [ 2213, 2217, 408, 13, 3 ], [ 2217, 2220, 409, 13, 4 ], [ 2221, 2225, 410, 13, 5 ], [ 2225, 2226, 411, 13, 6 ], [ 2227, 2230, 412, 13, 7 ], [ 2231, 2233, 413, 13, 8 ], [ 2234, 2240, 414, 13, 9 ], [ 2241, 2248, 415, 13, 10 ], [ 2249, 2255, 416, 13, 11 ], [ 2255, 2256, 417, 13, 12 ], [ 2257, 2259, 418, 13, 13 ], [ 2260, 2265, 419, 13, 14 ] ] }, "Connective": { "CharacterSpanList": [], "RawText": "", "TokenList": [] }}
{ "DocID": "wsj_1000", "Type": "Implicit", "Sense": [ "Contingency.Cause.Result" ], "Arg1": { "CharacterSpanList": [ [ 2397, 2445 ] ], "RawText": "that \"on an intraday basis, it has major effects", "TokenList": [ [ 2397, 2401, 445, 14, 24 ], [ 2402, 2403, 446, 14, 25 ], [ 2403, 2405, 447, 14, 26 ], [ 2406, 2408, 448, 14, 27 ], [ 2409, 2417, 449, 14, 28 ], [ 2418, 2423, 450, 14, 29 ], [ 2423, 2424, 451, 14, 30 ], [ 2425, 2427, 452, 14, 31 ], [ 2428, 2431, 453, 14, 32 ], [ 2432, 2437, 454, 14, 33 ], [ 2438, 2445, 455, 14, 34 ] ] }, "Arg2": { "CharacterSpanList": [ [ 2447, 2552 ] ], "RawText": "We've talked to proponents of index arbitrage and told them to cool it because they're ruining the market", "TokenList": [ [ 2447, 2449, 457, 15, 0 ], [ 2449, 2452, 458, 15, 1 ], [ 2453, 2459, 459, 15, 2 ], [ 2460, 2462, 460, 15, 3 ], [ 2463, 2473, 461, 15, 4 ], [ 2474, 2476, 462, 15, 5 ], [ 2477, 2482, 463, 15, 6 ], [ 2483, 2492, 464, 15, 7 ], [ 2493, 2496, 465, 15, 8 ], [ 2497, 2501, 466, 15, 9 ], [ 2502, 2506, 467, 15, 10 ], [ 2507, 2509, 468, 15, 11 ], [ 2510, 2514, 469, 15, 12 ], [ 2515, 2517, 470, 15, 13 ], [ 2518, 2525, 471, 15, 14 ], [ 2526, 2530, 472, 15, 15 ], [ 2530, 2533, 473, 15, 16 ], [ 2534, 2541, 474, 15, 17 ], [ 2542, 2545, 475, 15, 18 ], [ 2546, 2552, 476, 15, 19 ] ] }, "Connective": { "CharacterSpanList": [], "RawText": "", "TokenList": [] }}
{ "DocID": "wsj_1000", "Type": "Implicit", "Sense": [ "Comparison.Contrast" ], "Arg1": { "CharacterSpanList": [ [ 2447, 2552 ] ], "RawText": "We've talked to proponents of index arbitrage and told them to cool it because they're ruining the market", "TokenList": [ [ 2447, 2449, 457, 15, 0 ], [ 2449, 2452, 458, 15, 1 ], [ 2453, 2459, 459, 15, 2 ], [ 2460, 2462, 460, 15, 3 ], [ 2463, 2473, 461, 15, 4 ], [ 2474, 2476, 462, 15, 5 ], [ 2477, 2482, 463, 15, 6 ], [ 2483, 2492, 464, 15, 7 ], [ 2493, 2496, 465, 15, 8 ], [ 2497, 2501, 466, 15, 9 ], [ 2502, 2506, 467, 15, 10 ], [ 2507, 2509, 468, 15, 11 ], [ 2510, 2514, 469, 15, 12 ], [ 2515, 2517, 470, 15, 13 ], [ 2518, 2525, 471, 15, 14 ], [ 2526, 2530, 472, 15, 15 ], [ 2530, 2533, 473, 15, 16 ], [ 2534, 2541, 474, 15, 17 ], [ 2542, 2545, 475, 15, 18 ], [ 2546, 2552, 476, 15, 19 ] ] }, "Arg2": { "CharacterSpanList": [ [ 2554, 2573 ] ], "RawText": "They said, `Too bad", "TokenList": [ [ 2554, 2558, 478, 16, 0 ], [ 2559, 2563, 479, 16, 1 ], [ 2563, 2564, 480, 16, 2 ], [ 2565, 2566, 481, 16, 3 ], [ 2566, 2569, 482, 16, 4 ], [ 2570, 2573, 483, 16, 5 ] ] }, "Connective": { "CharacterSpanList": [], "RawText": "", "TokenList": [] }}
{ "DocID": "wsj_1000", "Type": "Implicit", "Sense": [ "Expansion.Restatement" ], "Arg1": { "CharacterSpanList": [ [ 2641, 2741 ] ], "RawText": "Kemper also blasted the Big Board for ignoring the interests of individual and institutional holders", "TokenList": [ [ 2641, 2647, 501, 17, 0 ], [ 2648, 2652, 502, 17, 1 ], [ 2653, 2660, 503, 17, 2 ], [ 2661, 2664, 504, 17, 3 ], [ 2665, 2668, 505, 17, 4 ], [ 2669, 2674, 506, 17, 5 ], [ 2675, 2678, 507, 17, 6 ], [ 2679, 2687, 508, 17, 7 ], [ 2688, 2691, 509, 17, 8 ], [ 2692, 2701, 510, 17, 9 ], [ 2702, 2704, 511, 17, 10 ], [ 2705, 2715, 512, 17, 11 ], [ 2716, 2719, 513, 17, 12 ], [ 2720, 2733, 514, 17, 13 ], [ 2734, 2741, 515, 17, 14 ] ] }, "Arg2": { "CharacterSpanList": [ [ 2744, 3017 ] ], "RawText": "The New York Stock Exchange has vested interests\" in its big member securities firms \"that cloud its objectivity,\" Mr. Timbers said. \"It has never been interested in what we think. The Big Board also has a terrible communication problem with individual investors,\" he added", "TokenList": [ [ 2744, 2747, 518, 18, 1 ], [ 2748, 2751, 519, 18, 2 ], [ 2752, 2756, 520, 18, 3 ], [ 2757, 2762, 521, 18, 4 ], [ 2763, 2771, 522, 18, 5 ], [ 2772, 2775, 523, 18, 6 ], [ 2776, 2782, 524, 18, 7 ], [ 2783, 2792, 525, 18, 8 ], [ 2792, 2793, 526, 18, 9 ], [ 2794, 2796, 527, 18, 10 ], [ 2797, 2800, 528, 18, 11 ], [ 2801, 2804, 529, 18, 12 ], [ 2805, 2811, 530, 18, 13 ], [ 2812, 2822, 531, 18, 14 ], [ 2823, 2828, 532, 18, 15 ], [ 2829, 2830, 533, 18, 16 ], [ 2830, 2834, 534, 18, 17 ], [ 2835, 2840, 535, 18, 18 ], [ 2841, 2844, 536, 18, 19 ], [ 2845, 2856, 537, 18, 20 ], [ 2856, 2857, 538, 18, 21 ], [ 2857, 2858, 539, 18, 22 ], [ 2859, 2862, 540, 18, 23 ], [ 2863, 2870, 541, 18, 24 ], [ 2871, 2875, 542, 18, 25 ], [ 2875, 2876, 543, 18, 26 ], [ 2877, 2878, 544, 19, 0 ], [ 2878, 2880, 545, 19, 1 ], [ 2881, 2884, 546, 19, 2 ], [ 2885, 2890, 547, 19, 3 ], [ 2891, 2895, 548, 19, 4 ], [ 2896, 2906, 549, 19, 5 ], [ 2907, 2909, 550, 19, 6 ], [ 2910, 2914, 551, 19, 7 ], [ 2915, 2917, 552, 19, 8 ], [ 2918, 2923, 553, 19, 9 ], [ 2923, 2924, 554, 19, 10 ], [ 2925, 2928, 555, 20, 0 ], [ 2929, 2932, 556, 20, 1 ], [ 2933, 2938, 557, 20, 2 ], [ 2939, 2943, 558, 20, 3 ], [ 2944, 2947, 559, 20, 4 ], [ 2948, 2949, 560, 20, 5 ], [ 2950, 2958, 561, 20, 6 ], [ 2959, 2972, 562, 20, 7 ], [ 2973, 2980, 563, 20, 8 ], [ 2981, 2985, 564, 20, 9 ], [ 2986, 2996, 565, 20, 10 ], [ 2997, 3006, 566, 20, 11 ], [ 3006, 3007, 567, 20, 12 ], [ 3007, 3008, 568, 20, 13 ], [ 3009, 3011, 569, 20, 14 ], [ 3012, 3017, 570, 20, 15 ] ] }, "Connective": { "CharacterSpanList": [], "RawText": "", "TokenList": [] }}
{ "DocID": "wsj_1000", "Type": "NoRel", "Sense": [ "" ], "Arg1": { "CharacterSpanList": [ [ 2641, 2741 ] ], "RawText": "Kemper also blasted the Big Board for ignoring the interests of individual and institutional holders", "TokenList": [ [ 2641, 2647, 501, 17, 0 ], [ 2648, 2652, 502, 17, 1 ], [ 2653, 2660, 503, 17, 2 ], [ 2661, 2664, 504, 17, 3 ], [ 2665, 2668, 505, 17, 4 ], [ 2669, 2674, 506, 17, 5 ], [ 2675, 2678, 507, 17, 6 ], [ 2679, 2687, 508, 17, 7 ], [ 2688, 2691, 509, 17, 8 ], [ 2692, 2701, 510, 17, 9 ], [ 2702, 2704, 511, 17, 10 ], [ 2705, 2715, 512, 17, 11 ], [ 2716, 2719, 513, 17, 12 ], [ 2720, 2733, 514, 17, 13 ], [ 2734, 2741, 515, 17, 14 ] ] }, "Arg2": { "CharacterSpanList": [ [ 2743, 2875 ] ], "RawText": "\"The New York Stock Exchange has vested interests\" in its big member securities firms \"that cloud its objectivity,\" Mr. Timbers said", "TokenList": [ [ 2743, 2744, 517, 18, 0 ], [ 2744, 2747, 518, 18, 1 ], [ 2748, 2751, 519, 18, 2 ], [ 2752, 2756, 520, 18, 3 ], [ 2757, 2762, 521, 18, 4 ], [ 2763, 2771, 522, 18, 5 ], [ 2772, 2775, 523, 18, 6 ], [ 2776, 2782, 524, 18, 7 ], [ 2783, 2792, 525, 18, 8 ], [ 2792, 2793, 526, 18, 9 ], [ 2794, 2796, 527, 18, 10 ], [ 2797, 2800, 528, 18, 11 ], [ 2801, 2804, 529, 18, 12 ], [ 2805, 2811, 530, 18, 13 ], [ 2812, 2822, 531, 18, 14 ], [ 2823, 2828, 532, 18, 15 ], [ 2829, 2830, 533, 18, 16 ], [ 2830, 2834, 534, 18, 17 ], [ 2835, 2840, 535, 18, 18 ], [ 2841, 2844, 536, 18, 19 ], [ 2845, 2856, 537, 18, 20 ], [ 2856, 2857, 538, 18, 21 ], [ 2857, 2858, 539, 18, 22 ], [ 2859, 2862, 540, 18, 23 ], [ 2863, 2870, 541, 18, 24 ], [ 2871, 2875, 542, 18, 25 ] ] }, "Connective": { "CharacterSpanList": [], "RawText": "", "TokenList": [] }}
{ "DocID": "wsj_1000", "Type": "Implicit", "Sense": [ "Contingency.Cause.Result" ], "Arg1": { "CharacterSpanList": [ [ 2744, 2856 ] ], "RawText": "The New York Stock Exchange has vested interests\" in its big member securities firms \"that cloud its objectivity", "TokenList": [ [ 2744, 2747, 518, 18, 1 ], [ 2748, 2751, 519, 18, 2 ], [ 2752, 2756, 520, 18, 3 ], [ 2757, 2762, 521, 18, 4 ], [ 2763, 2771, 522, 18, 5 ], [ 2772, 2775, 523, 18, 6 ], [ 2776, 2782, 524, 18, 7 ], [ 2783, 2792, 525, 18, 8 ], [ 2792, 2793, 526, 18, 9 ], [ 2794, 2796, 527, 18, 10 ], [ 2797, 2800, 528, 18, 11 ], [ 2801, 2804, 529, 18, 12 ], [ 2805, 2811, 530, 18, 13 ], [ 2812, 2822, 531, 18, 14 ], [ 2823, 2828, 532, 18, 15 ], [ 2829, 2830, 533, 18, 16 ], [ 2830, 2834, 534, 18, 17 ], [ 2835, 2840, 535, 18, 18 ], [ 2841, 2844, 536, 18, 19 ], [ 2845, 2856, 537, 18, 20 ] ] }, "Arg2": { "CharacterSpanList": [ [ 2878, 2923 ] ], "RawText": "It has never been interested in what we think", "TokenList": [ [ 2878, 2880, 545, 19, 1 ], [ 2881, 2884, 546, 19, 2 ], [ 2885, 2890, 547, 19, 3 ], [ 2891, 2895, 548, 19, 4 ], [ 2896, 2906, 549, 19, 5 ], [ 2907, 2909, 550, 19, 6 ], [ 2910, 2914, 551, 19, 7 ], [ 2915, 2917, 552, 19, 8 ], [ 2918, 2923, 553, 19, 9 ] ] }, "Connective": { "CharacterSpanList": [], "RawText": "", "TokenList": [] }}
{ "DocID": "wsj_1000", "Type": "Implicit", "Sense": [ "Contingency.Cause.Reason" ], "Arg1": { "CharacterSpanList": [ [ 3021, 3086 ] ], "RawText": "Small investors perceive that \"big operators\" dominate the market", "TokenList": [ [ 3021, 3026, 572, 21, 0 ], [ 3027, 3036, 573, 21, 1 ], [ 3037, 3045, 574, 21, 2 ], [ 3046, 3050, 575, 21, 3 ], [ 3051, 3052, 576, 21, 4 ], [ 3052, 3055, 577, 21, 5 ], [ 3056, 3065, 578, 21, 6 ], [ 3065, 3066, 579, 21, 7 ], [ 3067, 3075, 580, 21, 8 ], [ 3076, 3079, 581, 21, 9 ], [ 3080, 3086, 582, 21, 10 ] ] }, "Arg2": { "CharacterSpanList": [ [ 3282, 3367 ] ], "RawText": "they'd love to do away with it {program trading}, but they {the exchange} can't do it", "TokenList": [ [ 3282, 3286, 619, 22, 7 ], [ 3286, 3288, 620, 22, 8 ], [ 3289, 3293, 621, 22, 9 ], [ 3294, 3296, 622, 22, 10 ], [ 3297, 3299, 623, 22, 11 ], [ 3300, 3304, 624, 22, 12 ], [ 3305, 3309, 625, 22, 13 ], [ 3310, 3312, 626, 22, 14 ], [ 3313, 3314, 627, 22, 15 ], [ 3314, 3321, 628, 22, 16 ], [ 3322, 3329, 629, 22, 17 ], [ 3329, 3330, 630, 22, 18 ], [ 3330, 3331, 631, 22, 19 ], [ 3332, 3335, 632, 22, 20 ], [ 3336, 3340, 633, 22, 21 ], [ 3341, 3342, 634, 22, 22 ], [ 3342, 3345, 635, 22, 23 ], [ 3346, 3354, 636, 22, 24 ], [ 3354, 3355, 637, 22, 25 ], [ 3356, 3358, 638, 22, 26 ], [ 3358, 3361, 639, 22, 27 ], [ 3362, 3364, 640, 22, 28 ], [ 3365, 3367, 641, 22, 29 ] ] }, "Connective": { "CharacterSpanList": [], "RawText": "", "TokenList": [] }}
{ "DocID": "wsj_1000", "Type": "Implicit", "Sense": [ "Expansion.Restatement" ], "Arg1": { "CharacterSpanList": [ [ 3442, 3497 ] ], "RawText": "that he has no inclination to eliminate program trading", "TokenList": [ [ 3442, 3446, 658, 23, 11 ], [ 3447, 3449, 659, 23, 12 ], [ 3450, 3453, 660, 23, 13 ], [ 3454, 3456, 661, 23, 14 ], [ 3457, 3468, 662, 23, 15 ], [ 3469, 3471, 663, 23, 16 ], [ 3472, 3481, 664, 23, 17 ], [ 3482, 3489, 665, 23, 18 ], [ 3490, 3497, 666, 23, 19 ] ] }, "Arg2": { "CharacterSpanList": [ [ 3545, 3654 ] ], "RawText": "but that all the exchange can do is \"slow down the process\" by using its circuit breakers and shock absorbers", "TokenList": [ [ 3545, 3548, 677, 24, 9 ], [ 3549, 3553, 678, 24, 10 ], [ 3554, 3557, 679, 24, 11 ], [ 3558, 3561, 680, 24, 12 ], [ 3562, 3570, 681, 24, 13 ], [ 3571, 3574, 682, 24, 14 ], [ 3575, 3577, 683, 24, 15 ], [ 3578, 3580, 684, 24, 16 ], [ 3581, 3582, 685, 24, 17 ], [ 3582, 3586, 686, 24, 18 ], [ 3587, 3591, 687, 24, 19 ], [ 3592, 3595, 688, 24, 20 ], [ 3596, 3603, 689, 24, 21 ], [ 3603, 3604, 690, 24, 22 ], [ 3605, 3607, 691, 24, 23 ], [ 3608, 3613, 692, 24, 24 ], [ 3614, 3617, 693, 24, 25 ], [ 3618, 3625, 694, 24, 26 ], [ 3626, 3634, 695, 24, 27 ], [ 3635, 3638, 696, 24, 28 ], [ 3639, 3644, 697, 24, 29 ], [ 3645, 3654, 698, 24, 30 ] ] }, "Connective": { "CharacterSpanList": [], "RawText": "", "TokenList": [] }}
{ "DocID": "wsj_1000", "Type": "Implicit", "Sense": [ "Expansion.Restatement" ], "Arg1": { "CharacterSpanList": [ [ 3767, 3874 ] ], "RawText": "Morgan Stanley and Kidder Peabody, the two biggest program trading firms, staunchly defend their strategies", "TokenList": [ [ 3767, 3773, 721, 26, 0 ], [ 3774, 3781, 722, 26, 1 ], [ 3782, 3785, 723, 26, 2 ], [ 3786, 3792, 724, 26, 3 ], [ 3793, 3800, 725, 26, 4 ], [ 3800, 3801, 726, 26, 5 ], [ 3802, 3805, 727, 26, 6 ], [ 3806, 3809, 728, 26, 7 ], [ 3810, 3817, 729, 26, 8 ], [ 3818, 3825, 730, 26, 9 ], [ 3826, 3833, 731, 26, 10 ], [ 3834, 3839, 732, 26, 11 ], [ 3839, 3840, 733, 26, 12 ], [ 3841, 3850, 734, 26, 13 ], [ 3851, 3857, 735, 26, 14 ], [ 3858, 3863, 736, 26, 15 ], [ 3864, 3874, 737, 26, 16 ] ] }, "Arg2": { "CharacterSpanList": [ [ 3877, 4294 ] ], "RawText": "We continue to believe the position we've taken is reasonable,\" a Morgan Stanley official said. \"We would stop index arbitrage when the market is under stress, and we have recently,\" he said, citing Oct. 13 and earlier this week. Michael Carpenter, president and chief executive officer at Kidder Peabody, said in a recent interview, \"We don't think that index arbitrage has a negative impact on the market as a whole", "TokenList": [ [ 3877, 3879, 740, 27, 1 ], [ 3880, 3888, 741, 27, 2 ], [ 3889, 3891, 742, 27, 3 ], [ 3892, 3899, 743, 27, 4 ], [ 3900, 3903, 744, 27, 5 ], [ 3904, 3912, 745, 27, 6 ], [ 3913, 3915, 746, 27, 7 ], [ 3915, 3918, 747, 27, 8 ], [ 3919, 3924, 748, 27, 9 ], [ 3925, 3927, 749, 27, 10 ], [ 3928, 3938, 750, 27, 11 ], [ 3938, 3939, 751, 27, 12 ], [ 3939, 3940, 752, 27, 13 ], [ 3941, 3942, 753, 27, 14 ], [ 3943, 3949, 754, 27, 15 ], [ 3950, 3957, 755, 27, 16 ], [ 3958, 3966, 756, 27, 17 ], [ 3967, 3971, 757, 27, 18 ], [ 3971, 3972, 758, 27, 19 ], [ 3973, 3974, 759, 28, 0 ], [ 3974, 3976, 760, 28, 1 ], [ 3977, 3982, 761, 28, 2 ], [ 3983, 3987, 762, 28, 3 ], [ 3988, 3993, 763, 28, 4 ], [ 3994, 4003, 764, 28, 5 ], [ 4004, 4008, 765, 28, 6 ], [ 4009, 4012, 766, 28, 7 ], [ 4013, 4019, 767, 28, 8 ], [ 4020, 4022, 768, 28, 9 ], [ 4023, 4028, 769, 28, 10 ], [ 4029, 4035, 770, 28, 11 ], [ 4035, 4036, 771, 28, 12 ], [ 4037, 4040, 772, 28, 13 ], [ 4041, 4043, 773, 28, 14 ], [ 4044, 4048, 774, 28, 15 ], [ 4049, 4057, 775, 28, 16 ], [ 4057, 4058, 776, 28, 17 ], [ 4058, 4059, 777, 28, 18 ], [ 4060, 4062, 778, 28, 19 ], [ 4063, 4067, 779, 28, 20 ], [ 4067, 4068, 780, 28, 21 ], [ 4069, 4075, 781, 28, 22 ], [ 4076, 4080, 782, 28, 23 ], [ 4081, 4083, 783, 28, 24 ], [ 4084, 4087, 784, 28, 25 ], [ 4088, 4095, 785, 28, 26 ], [ 4096, 4100, 786, 28, 27 ], [ 4101, 4105, 787, 28, 28 ], [ 4105, 4106, 788, 28, 29 ], [ 4107, 4114, 789, 29, 0 ], [ 4115, 4124, 790, 29, 1 ], [ 4124, 4125, 791, 29, 2 ], [ 4126, 4135, 792, 29, 3 ], [ 4136, 4139, 793, 29, 4 ], [ 4140, 4145, 794, 29, 5 ], [ 4146, 4155, 795, 29, 6 ], [ 4156, 4163, 796, 29, 7 ], [ 4164, 4166, 797, 29, 8 ], [ 4167, 4173, 798, 29, 9 ], [ 4174, 4181, 799, 29, 10 ], [ 4181, 4182, 800, 29, 11 ], [ 4183, 4187, 801, 29, 12 ], [ 4188, 4190, 802, 29, 13 ], [ 4191, 4192, 803, 29, 14 ], [ 4193, 4199, 804, 29, 15 ], [ 4200, 4209, 805, 29, 16 ], [ 4209, 4210, 806, 29, 17 ], [ 4211, 4212, 807, 29, 18 ], [ 4212, 4214, 808, 29, 19 ], [ 4215, 4217, 809, 29, 20 ], [ 4217, 4220, 810, 29, 21 ], [ 4221, 4226, 811, 29, 22 ], [ 4227, 4231, 812, 29, 23 ], [ 4232, 4237, 813, 29, 24 ], [ 4238, 4247, 814, 29, 25 ], [ 4248, 4251, 815, 29, 26 ], [ 4252, 4253, 816, 29, 27 ], [ 4254, 4262, 817, 29, 28 ], [ 4263, 4269, 818, 29, 29 ], [ 4270, 4272, 819, 29, 30 ], [ 4273, 4276, 820, 29, 31 ], [ 4277, 4283, 821, 29, 32 ], [ 4284, 4286, 822, 29, 33 ], [ 4287, 4288, 823, 29, 34 ], [ 4289, 4294, 824, 29, 35 ] ] }, "Connective": { "CharacterSpanList": [], "RawText": "", "TokenList": [] }}
{ "DocID": "wsj_1000", "Type": "NoRel", "Sense": [ "" ], "Arg1": { "CharacterSpanList": [ [ 3767, 3874 ] ], "RawText": "Morgan Stanley and Kidder Peabody, the two biggest program trading firms, staunchly defend their strategies", "TokenList": [ [ 3767, 3773, 721, 26, 0 ], [ 3774, 3781, 722, 26, 1 ], [ 3782, 3785, 723, 26, 2 ], [ 3786, 3792, 724, 26, 3 ], [ 3793, 3800, 725, 26, 4 ], [ 3800, 3801, 726, 26, 5 ], [ 3802, 3805, 727, 26, 6 ], [ 3806, 3809, 728, 26, 7 ], [ 3810, 3817, 729, 26, 8 ], [ 3818, 3825, 730, 26, 9 ], [ 3826, 3833, 731, 26, 10 ], [ 3834, 3839, 732, 26, 11 ], [ 3839, 3840, 733, 26, 12 ], [ 3841, 3850, 734, 26, 13 ], [ 3851, 3857, 735, 26, 14 ], [ 3858, 3863, 736, 26, 15 ], [ 3864, 3874, 737, 26, 16 ] ] }, "Arg2": { "CharacterSpanList": [ [ 3876, 3971 ] ], "RawText": "\"We continue to believe the position we've taken is reasonable,\" a Morgan Stanley official said", "TokenList": [ [ 3876, 3877, 739, 27, 0 ], [ 3877, 3879, 740, 27, 1 ], [ 3880, 3888, 741, 27, 2 ], [ 3889, 3891, 742, 27, 3 ], [ 3892, 3899, 743, 27, 4 ], [ 3900, 3903, 744, 27, 5 ], [ 3904, 3912, 745, 27, 6 ], [ 3913, 3915, 746, 27, 7 ], [ 3915, 3918, 747, 27, 8 ], [ 3919, 3924, 748, 27, 9 ], [ 3925, 3927, 749, 27, 10 ], [ 3928, 3938, 750, 27, 11 ], [ 3938, 3939, 751, 27, 12 ], [ 3939, 3940, 752, 27, 13 ], [ 3941, 3942, 753, 27, 14 ], [ 3943, 3949, 754, 27, 15 ], [ 3950, 3957, 755, 27, 16 ], [ 3958, 3966, 756, 27, 17 ], [ 3967, 3971, 757, 27, 18 ] ] }, "Connective": { "CharacterSpanList": [], "RawText": "", "TokenList": [] }}
{ "DocID": "wsj_1000", "Type": "Implicit", "Sense": [ "Expansion.Conjunction" ], "Arg1": { "CharacterSpanList": [ [ 3877, 4105 ] ], "RawText": "We continue to believe the position we've taken is reasonable,\" a Morgan Stanley official said. \"We would stop index arbitrage when the market is under stress, and we have recently,\" he said, citing Oct. 13 and earlier this week", "TokenList": [ [ 3877, 3879, 740, 27, 1 ], [ 3880, 3888, 741, 27, 2 ], [ 3889, 3891, 742, 27, 3 ], [ 3892, 3899, 743, 27, 4 ], [ 3900, 3903, 744, 27, 5 ], [ 3904, 3912, 745, 27, 6 ], [ 3913, 3915, 746, 27, 7 ], [ 3915, 3918, 747, 27, 8 ], [ 3919, 3924, 748, 27, 9 ], [ 3925, 3927, 749, 27, 10 ], [ 3928, 3938, 750, 27, 11 ], [ 3938, 3939, 751, 27, 12 ], [ 3939, 3940, 752, 27, 13 ], [ 3941, 3942, 753, 27, 14 ], [ 3943, 3949, 754, 27, 15 ], [ 3950, 3957, 755, 27, 16 ], [ 3958, 3966, 756, 27, 17 ], [ 3967, 3971, 757, 27, 18 ], [ 3971, 3972, 758, 27, 19 ], [ 3973, 3974, 759, 28, 0 ], [ 3974, 3976, 760, 28, 1 ], [ 3977, 3982, 761, 28, 2 ], [ 3983, 3987, 762, 28, 3 ], [ 3988, 3993, 763, 28, 4 ], [ 3994, 4003, 764, 28, 5 ], [ 4004, 4008, 765, 28, 6 ], [ 4009, 4012, 766, 28, 7 ], [ 4013, 4019, 767, 28, 8 ], [ 4020, 4022, 768, 28, 9 ], [ 4023, 4028, 769, 28, 10 ], [ 4029, 4035, 770, 28, 11 ], [ 4035, 4036, 771, 28, 12 ], [ 4037, 4040, 772, 28, 13 ], [ 4041, 4043, 773, 28, 14 ], [ 4044, 4048, 774, 28, 15 ], [ 4049, 4057, 775, 28, 16 ], [ 4057, 4058, 776, 28, 17 ], [ 4058, 4059, 777, 28, 18 ], [ 4060, 4062, 778, 28, 19 ], [ 4063, 4067, 779, 28, 20 ], [ 4067, 4068, 780, 28, 21 ], [ 4069, 4075, 781, 28, 22 ], [ 4076, 4080, 782, 28, 23 ], [ 4081, 4083, 783, 28, 24 ], [ 4084, 4087, 784, 28, 25 ], [ 4088, 4095, 785, 28, 26 ], [ 4096, 4100, 786, 28, 27 ], [ 4101, 4105, 787, 28, 28 ] ] }, "Arg2": { "CharacterSpanList": [ [ 4107, 4294 ] ], "RawText": "Michael Carpenter, president and chief executive officer at Kidder Peabody, said in a recent interview, \"We don't think that index arbitrage has a negative impact on the market as a whole", "TokenList": [ [ 4107, 4114, 789, 29, 0 ], [ 4115, 4124, 790, 29, 1 ], [ 4124, 4125, 791, 29, 2 ], [ 4126, 4135, 792, 29, 3 ], [ 4136, 4139, 793, 29, 4 ], [ 4140, 4145, 794, 29, 5 ], [ 4146, 4155, 795, 29, 6 ], [ 4156, 4163, 796, 29, 7 ], [ 4164, 4166, 797, 29, 8 ], [ 4167, 4173, 798, 29, 9 ], [ 4174, 4181, 799, 29, 10 ], [ 4181, 4182, 800, 29, 11 ], [ 4183, 4187, 801, 29, 12 ], [ 4188, 4190, 802, 29, 13 ], [ 4191, 4192, 803, 29, 14 ], [ 4193, 4199, 804, 29, 15 ], [ 4200, 4209, 805, 29, 16 ], [ 4209, 4210, 806, 29, 17 ], [ 4211, 4212, 807, 29, 18 ], [ 4212, 4214, 808, 29, 19 ], [ 4215, 4217, 809, 29, 20 ], [ 4217, 4220, 810, 29, 21 ], [ 4221, 4226, 811, 29, 22 ], [ 4227, 4231, 812, 29, 23 ], [ 4232, 4237, 813, 29, 24 ], [ 4238, 4247, 814, 29, 25 ], [ 4248, 4251, 815, 29, 26 ], [ 4252, 4253, 816, 29, 27 ], [ 4254, 4262, 817, 29, 28 ], [ 4263, 4269, 818, 29, 29 ], [ 4270, 4272, 819, 29, 30 ], [ 4273, 4276, 820, 29, 31 ], [ 4277, 4283, 821, 29, 32 ], [ 4284, 4286, 822, 29, 33 ], [ 4287, 4288, 823, 29, 34 ], [ 4289, 4294, 824, 29, 35 ] ] }, "Connective": { "CharacterSpanList": [], "RawText": "", "TokenList": [] }}
{ "DocID": "wsj_1000", "Type": "Implicit", "Sense": [ "Expansion.Restatement" ], "Arg1": { "CharacterSpanList": [ [ 3900, 3938 ] ], "RawText": "the position we've taken is reasonable", "TokenList": [ [ 3900, 3903, 744, 27, 5 ], [ 3904, 3912, 745, 27, 6 ], [ 3913, 3915, 746, 27, 7 ], [ 3915, 3918, 747, 27, 8 ], [ 3919, 3924, 748, 27, 9 ], [ 3925, 3927, 749, 27, 10 ], [ 3928, 3938, 750, 27, 11 ] ] }, "Arg2": { "CharacterSpanList": [ [ 3974, 4035 ] ], "RawText": "We would stop index arbitrage when the market is under stress", "TokenList": [ [ 3974, 3976, 760, 28, 1 ], [ 3977, 3982, 761, 28, 2 ], [ 3983, 3987, 762, 28, 3 ], [ 3988, 3993, 763, 28, 4 ], [ 3994, 4003, 764, 28, 5 ], [ 4004, 4008, 765, 28, 6 ], [ 4009, 4012, 766, 28, 7 ], [ 4013, 4019, 767, 28, 8 ], [ 4020, 4022, 768, 28, 9 ], [ 4023, 4028, 769, 28, 10 ], [ 4029, 4035, 770, 28, 11 ] ] }, "Connective": { "CharacterSpanList": [], "RawText": "", "TokenList": [] }}
{ "DocID": "wsj_1000", "Type": "NoRel", "Sense": [ "" ], "Arg1": { "CharacterSpanList": [ [ 3973, 4105 ] ], "RawText": "\"We would stop index arbitrage when the market is under stress, and we have recently,\" he said, citing Oct. 13 and earlier this week", "TokenList": [ [ 3973, 3974, 759, 28, 0 ], [ 3974, 3976, 760, 28, 1 ], [ 3977, 3982, 761, 28, 2 ], [ 3983, 3987, 762, 28, 3 ], [ 3988, 3993, 763, 28, 4 ], [ 3994, 4003, 764, 28, 5 ], [ 4004, 4008, 765, 28, 6 ], [ 4009, 4012, 766, 28, 7 ], [ 4013, 4019, 767, 28, 8 ], [ 4020, 4022, 768, 28, 9 ], [ 4023, 4028, 769, 28, 10 ], [ 4029, 4035, 770, 28, 11 ], [ 4035, 4036, 771, 28, 12 ], [ 4037, 4040, 772, 28, 13 ], [ 4041, 4043, 773, 28, 14 ], [ 4044, 4048, 774, 28, 15 ], [ 4049, 4057, 775, 28, 16 ], [ 4057, 4058, 776, 28, 17 ], [ 4058, 4059, 777, 28, 18 ], [ 4060, 4062, 778, 28, 19 ], [ 4063, 4067, 779, 28, 20 ], [ 4067, 4068, 780, 28, 21 ], [ 4069, 4075, 781, 28, 22 ], [ 4076, 4080, 782, 28, 23 ], [ 4081, 4083, 783, 28, 24 ], [ 4084, 4087, 784, 28, 25 ], [ 4088, 4095, 785, 28, 26 ], [ 4096, 4100, 786, 28, 27 ], [ 4101, 4105, 787, 28, 28 ] ] }, "Arg2": { "CharacterSpanList": [ [ 4107, 4295 ] ], "RawText": "Michael Carpenter, president and chief executive officer at Kidder Peabody, said in a recent interview, \"We don't think that index arbitrage has a negative impact on the market as a whole.", "TokenList": [ [ 4107, 4114, 789, 29, 0 ], [ 4115, 4124, 790, 29, 1 ], [ 4124, 4125, 791, 29, 2 ], [ 4126, 4135, 792, 29, 3 ], [ 4136, 4139, 793, 29, 4 ], [ 4140, 4145, 794, 29, 5 ], [ 4146, 4155, 795, 29, 6 ], [ 4156, 4163, 796, 29, 7 ], [ 4164, 4166, 797, 29, 8 ], [ 4167, 4173, 798, 29, 9 ], [ 4174, 4181, 799, 29, 10 ], [ 4181, 4182, 800, 29, 11 ], [ 4183, 4187, 801, 29, 12 ], [ 4188, 4190, 802, 29, 13 ], [ 4191, 4192, 803, 29, 14 ], [ 4193, 4199, 804, 29, 15 ], [ 4200, 4209, 805, 29, 16 ], [ 4209, 4210, 806, 29, 17 ], [ 4211, 4212, 807, 29, 18 ], [ 4212, 4214, 808, 29, 19 ], [ 4215, 4217, 809, 29, 20 ], [ 4217, 4220, 810, 29, 21 ], [ 4221, 4226, 811, 29, 22 ], [ 4227, 4231, 812, 29, 23 ], [ 4232, 4237, 813, 29, 24 ], [ 4238, 4247, 814, 29, 25 ], [ 4248, 4251, 815, 29, 26 ], [ 4252, 4253, 816, 29, 27 ], [ 4254, 4262, 817, 29, 28 ], [ 4263, 4269, 818, 29, 29 ], [ 4270, 4272, 819, 29, 30 ], [ 4273, 4276, 820, 29, 31 ], [ 4277, 4283, 821, 29, 32 ], [ 4284, 4286, 822, 29, 33 ], [ 4287, 4288, 823, 29, 34 ], [ 4289, 4294, 824, 29, 35 ], [ 4294, 4295, 825, 29, 36 ] ] }, "Connective": { "CharacterSpanList": [], "RawText": "", "TokenList": [] }}
{ "DocID": "wsj_1000", "Type": "Implicit", "Sense": [ "Comparison.Contrast" ], "Arg1": { "CharacterSpanList": [ [ 4299, 4473 ] ], "RawText": "According to Lawrence Eckenfelder, a securities industry analyst at Prudential-Bache Securities Inc., \"Kemper is the first firm to make a major statement with program trading", "TokenList": [ [ 4299, 4308, 827, 30, 0 ], [ 4309, 4311, 828, 30, 1 ], [ 4312, 4320, 829, 30, 2 ], [ 4321, 4332, 830, 30, 3 ], [ 4332, 4333, 831, 30, 4 ], [ 4334, 4335, 832, 30, 5 ], [ 4336, 4346, 833, 30, 6 ], [ 4347, 4355, 834, 30, 7 ], [ 4356, 4363, 835, 30, 8 ], [ 4364, 4366, 836, 30, 9 ], [ 4367, 4383, 837, 30, 10 ], [ 4384, 4394, 838, 30, 11 ], [ 4395, 4399, 839, 30, 12 ], [ 4399, 4400, 840, 30, 13 ], [ 4401, 4402, 841, 30, 14 ], [ 4402, 4408, 842, 30, 15 ], [ 4409, 4411, 843, 30, 16 ], [ 4412, 4415, 844, 30, 17 ], [ 4416, 4421, 845, 30, 18 ], [ 4422, 4426, 846, 30, 19 ], [ 4427, 4429, 847, 30, 20 ], [ 4430, 4434, 848, 30, 21 ], [ 4435, 4436, 849, 30, 22 ], [ 4437, 4442, 850, 30, 23 ], [ 4443, 4452, 851, 30, 24 ], [ 4453, 4457, 852, 30, 25 ], [ 4458, 4465, 853, 30, 26 ], [ 4466, 4473, 854, 30, 27 ] ] }, "Arg2": { "CharacterSpanList": [ [ 4485, 4555 ] ], "RawText": "that \"having just one firm do this isn't going to mean a hill of beans", "TokenList": [ [ 4485, 4489, 859, 31, 2 ], [ 4490, 4491, 860, 31, 3 ], [ 4491, 4497, 861, 31, 4 ], [ 4498, 4502, 862, 31, 5 ], [ 4503, 4506, 863, 31, 6 ], [ 4507, 4511, 864, 31, 7 ], [ 4512, 4514, 865, 31, 8 ], [ 4515, 4519, 866, 31, 9 ], [ 4520, 4522, 867, 31, 10 ], [ 4522, 4525, 868, 31, 11 ], [ 4526, 4531, 869, 31, 12 ], [ 4532, 4534, 870, 31, 13 ], [ 4535, 4539, 871, 31, 14 ], [ 4540, 4541, 872, 31, 15 ], [ 4542, 4546, 873, 31, 16 ], [ 4547, 4549, 874, 31, 17 ], [ 4550, 4555, 875, 31, 18 ] ] }, "Connective": { "CharacterSpanList": [], "RawText": "", "TokenList": [] }}
